"InventoryId","ControlType","ControlName","Label","Event","OldHandler","Classification","CurrentMapping","Evidence"
"1","Window","","","PreviewMouseWheel","MainWindow_PreviewMouseWheel","Intentionally obsolete","WPF presentation event replaced by Avalonia binding, commands, layout, or the single aggregate refresh timer.","MainWindow.axaml; MainWindowViewModel.cs"
"2","RadioButton","","","Click","Nav_Click","Mapped","Historical intent is represented by an Avalonia command/binding or an adapted local-only UI action over the current headless API.","MainWindow.axaml; MainWindowViewModel.cs; IMystTiqApiClient.cs; LocalManagementApiHost.cs"
"3","RadioButton","","","Click","Nav_Click","Mapped","Historical intent is represented by an Avalonia command/binding or an adapted local-only UI action over the current headless API.","MainWindow.axaml; MainWindowViewModel.cs; IMystTiqApiClient.cs; LocalManagementApiHost.cs"
"4","RadioButton","","","Click","Nav_Click","Mapped","Historical intent is represented by an Avalonia command/binding or an adapted local-only UI action over the current headless API.","MainWindow.axaml; MainWindowViewModel.cs; IMystTiqApiClient.cs; LocalManagementApiHost.cs"
"5","RadioButton","","","Click","Nav_Click","Mapped","Historical intent is represented by an Avalonia command/binding or an adapted local-only UI action over the current headless API.","MainWindow.axaml; MainWindowViewModel.cs; IMystTiqApiClient.cs; LocalManagementApiHost.cs"
"6","RadioButton","","","Click","Nav_Click","Mapped","Historical intent is represented by an Avalonia command/binding or an adapted local-only UI action over the current headless API.","MainWindow.axaml; MainWindowViewModel.cs; IMystTiqApiClient.cs; LocalManagementApiHost.cs"
"7","RadioButton","","","Click","Nav_Click","Mapped","Historical intent is represented by an Avalonia command/binding or an adapted local-only UI action over the current headless API.","MainWindow.axaml; MainWindowViewModel.cs; IMystTiqApiClient.cs; LocalManagementApiHost.cs"
"8","RadioButton","","","Click","Nav_Click","Mapped","Historical intent is represented by an Avalonia command/binding or an adapted local-only UI action over the current headless API.","MainWindow.axaml; MainWindowViewModel.cs; IMystTiqApiClient.cs; LocalManagementApiHost.cs"
"9","RadioButton","","","Click","Nav_Click","Mapped","Historical intent is represented by an Avalonia command/binding or an adapted local-only UI action over the current headless API.","MainWindow.axaml; MainWindowViewModel.cs; IMystTiqApiClient.cs; LocalManagementApiHost.cs"
"10","RadioButton","","","Click","Nav_Click","Mapped","Historical intent is represented by an Avalonia command/binding or an adapted local-only UI action over the current headless API.","MainWindow.axaml; MainWindowViewModel.cs; IMystTiqApiClient.cs; LocalManagementApiHost.cs"
"11","RadioButton","","","Click","Nav_Click","Mapped","Historical intent is represented by an Avalonia command/binding or an adapted local-only UI action over the current headless API.","MainWindow.axaml; MainWindowViewModel.cs; IMystTiqApiClient.cs; LocalManagementApiHost.cs"
"12","RadioButton","","","Click","Nav_Click","Mapped","Historical intent is represented by an Avalonia command/binding or an adapted local-only UI action over the current headless API.","MainWindow.axaml; MainWindowViewModel.cs; IMystTiqApiClient.cs; LocalManagementApiHost.cs"
"13","RadioButton","","","Click","Nav_Click","Mapped","Historical intent is represented by an Avalonia command/binding or an adapted local-only UI action over the current headless API.","MainWindow.axaml; MainWindowViewModel.cs; IMystTiqApiClient.cs; LocalManagementApiHost.cs"
"14","RadioButton","","","Click","Nav_Click","Mapped","Historical intent is represented by an Avalonia command/binding or an adapted local-only UI action over the current headless API.","MainWindow.axaml; MainWindowViewModel.cs; IMystTiqApiClient.cs; LocalManagementApiHost.cs"
"15","RadioButton","","","Click","Nav_Click","Mapped","Historical intent is represented by an Avalonia command/binding or an adapted local-only UI action over the current headless API.","MainWindow.axaml; MainWindowViewModel.cs; IMystTiqApiClient.cs; LocalManagementApiHost.cs"
"16","RadioButton","","","Click","Nav_Click","Mapped","Historical intent is represented by an Avalonia command/binding or an adapted local-only UI action over the current headless API.","MainWindow.axaml; MainWindowViewModel.cs; IMystTiqApiClient.cs; LocalManagementApiHost.cs"
"17","RadioButton","","","Click","Nav_Click","Mapped","Historical intent is represented by an Avalonia command/binding or an adapted local-only UI action over the current headless API.","MainWindow.axaml; MainWindowViewModel.cs; IMystTiqApiClient.cs; LocalManagementApiHost.cs"
"18","RadioButton","","","Click","Nav_Click","Mapped","Historical intent is represented by an Avalonia command/binding or an adapted local-only UI action over the current headless API.","MainWindow.axaml; MainWindowViewModel.cs; IMystTiqApiClient.cs; LocalManagementApiHost.cs"
"19","RadioButton","","","Click","Nav_Click","Mapped","Historical intent is represented by an Avalonia command/binding or an adapted local-only UI action over the current headless API.","MainWindow.axaml; MainWindowViewModel.cs; IMystTiqApiClient.cs; LocalManagementApiHost.cs"
"20","RadioButton","","","Click","Nav_Click","Mapped","Historical intent is represented by an Avalonia command/binding or an adapted local-only UI action over the current headless API.","MainWindow.axaml; MainWindowViewModel.cs; IMystTiqApiClient.cs; LocalManagementApiHost.cs"
"21","RadioButton","","","Click","Nav_Click","Mapped","Historical intent is represented by an Avalonia command/binding or an adapted local-only UI action over the current headless API.","MainWindow.axaml; MainWindowViewModel.cs; IMystTiqApiClient.cs; LocalManagementApiHost.cs"
"22","Button","NotificationBellButton","","Click","NotificationBell_Click","Mapped","Historical intent is represented by an Avalonia command/binding or an adapted local-only UI action over the current headless API.","MainWindow.axaml; MainWindowViewModel.cs; IMystTiqApiClient.cs; LocalManagementApiHost.cs"
"23","Button","","✓  MARK READ","Click","NotificationFlyoutMarkAllRead_Click","Mapped","Historical intent is represented by an Avalonia command/binding or an adapted local-only UI action over the current headless API.","MainWindow.axaml; MainWindowViewModel.cs; IMystTiqApiClient.cs; LocalManagementApiHost.cs"
"24","ListBox","NotificationFlyoutList","","SelectionChanged","NotificationFlyoutSelection_Changed","Mapped","Historical intent is represented by an Avalonia command/binding or an adapted local-only UI action over the current headless API.","MainWindow.axaml; MainWindowViewModel.cs; IMystTiqApiClient.cs; LocalManagementApiHost.cs"
"25","Button","","▤  ACTIVITY & AUDIT","Click","NotificationFlyoutActivity_Click","Mapped","Historical intent is represented by an Avalonia command/binding or an adapted local-only UI action over the current headless API.","MainWindow.axaml; MainWindowViewModel.cs; IMystTiqApiClient.cs; LocalManagementApiHost.cs"
"26","Button","","✕  CLEAR","Click","NotificationFlyoutClear_Click","Mapped","Historical intent is represented by an Avalonia command/binding or an adapted local-only UI action over the current headless API.","MainWindow.axaml; MainWindowViewModel.cs; IMystTiqApiClient.cs; LocalManagementApiHost.cs"
"27","TabControl","Tabs","","SelectionChanged","Tabs_SelectionChanged","Intentionally obsolete","WPF presentation event replaced by Avalonia binding, commands, layout, or the single aggregate refresh timer.","MainWindow.axaml; MainWindowViewModel.cs"
"28","Button","","↻  REFRESH","Click","DashboardRefresh_Click","Mapped","Historical intent is represented by an Avalonia command/binding or an adapted local-only UI action over the current headless API.","MainWindow.axaml; MainWindowViewModel.cs; IMystTiqApiClient.cs; LocalManagementApiHost.cs"
"29","Button","DashboardStartButton","▶  START","Click","Start_Click","Mapped","Historical intent is represented by an Avalonia command/binding or an adapted local-only UI action over the current headless API.","MainWindow.axaml; MainWindowViewModel.cs; IMystTiqApiClient.cs; LocalManagementApiHost.cs"
"30","Button","DashboardRestartButton","↻  RESTART","Click","Restart_Click","Mapped","Historical intent is represented by an Avalonia command/binding or an adapted local-only UI action over the current headless API.","MainWindow.axaml; MainWindowViewModel.cs; IMystTiqApiClient.cs; LocalManagementApiHost.cs"
"31","Button","DashboardStopButton","■  STOP","Click","Stop_Click","Mapped","Historical intent is represented by an Avalonia command/binding or an adapted local-only UI action over the current headless API.","MainWindow.axaml; MainWindowViewModel.cs; IMystTiqApiClient.cs; LocalManagementApiHost.cs"
"32","Button","","↗  OPEN","Click","DashboardOpenWorld_Click","Mapped","Historical intent is represented by an Avalonia command/binding or an adapted local-only UI action over the current headless API.","MainWindow.axaml; MainWindowViewModel.cs; IMystTiqApiClient.cs; LocalManagementApiHost.cs"
"33","Button","","▣  BACKUP","Click","Backup_Click","Mapped","Historical intent is represented by an Avalonia command/binding or an adapted local-only UI action over the current headless API.","MainWindow.axaml; MainWindowViewModel.cs; IMystTiqApiClient.cs; LocalManagementApiHost.cs"
"34","Button","","✚  DOCTOR","Click","DashboardOpenDoctor_Click","Mapped","Historical intent is represented by an Avalonia command/binding or an adapted local-only UI action over the current headless API.","MainWindow.axaml; MainWindowViewModel.cs; IMystTiqApiClient.cs; LocalManagementApiHost.cs"
"35","Button","","↗  OPEN","Click","DashboardOpenPlayers_Click","Mapped","Historical intent is represented by an Avalonia command/binding or an adapted local-only UI action over the current headless API.","MainWindow.axaml; MainWindowViewModel.cs; IMystTiqApiClient.cs; LocalManagementApiHost.cs"
"36","Button","","↗  OPEN","Click","DashboardOpenGuilds_Click","Mapped","Historical intent is represented by an Avalonia command/binding or an adapted local-only UI action over the current headless API.","MainWindow.axaml; MainWindowViewModel.cs; IMystTiqApiClient.cs; LocalManagementApiHost.cs"
"37","Button","","↗  OPEN","Click","DashboardOpenMods_Click","Mapped","Historical intent is represented by an Avalonia command/binding or an adapted local-only UI action over the current headless API.","MainWindow.axaml; MainWindowViewModel.cs; IMystTiqApiClient.cs; LocalManagementApiHost.cs"
"38","Button","","⌕  SCAN","Click","ScanServerProcesses_Click","Mapped","Historical intent is represented by an Avalonia command/binding or an adapted local-only UI action over the current headless API.","MainWindow.axaml; MainWindowViewModel.cs; IMystTiqApiClient.cs; LocalManagementApiHost.cs"
"39","Button","","✚  DOCTOR","Click","RunServerDoctor_Click","Mapped","Historical intent is represented by an Avalonia command/binding or an adapted local-only UI action over the current headless API.","MainWindow.axaml; MainWindowViewModel.cs; IMystTiqApiClient.cs; LocalManagementApiHost.cs"
"40","Button","","✕  CLEANUP","Click","ForceCleanup_Click","BACKEND REQUIRED","Unsafe or codec-dependent mutation remains a visible disabled BACKEND REQUIRED capability.","MainWindow.axaml capability-truth controls; GUI restoration roadmap"
"41","ComboBox","HistoricalRangeCombo","","SelectionChanged","HistoricalRangeCombo_SelectionChanged","Intentionally obsolete","WPF presentation event replaced by Avalonia binding, commands, layout, or the single aggregate refresh timer.","MainWindow.axaml; MainWindowViewModel.cs"
"42","Button","UpdateServerButton","UPDATE SERVER","Click","Update_Click","Mapped","Historical intent is represented by an Avalonia command/binding or an adapted local-only UI action over the current headless API.","MainWindow.axaml; MainWindowViewModel.cs; IMystTiqApiClient.cs; LocalManagementApiHost.cs"
"43","Button","","","Click","HistoricalRefresh_Click","Mapped","Historical intent is represented by an Avalonia command/binding or an adapted local-only UI action over the current headless API.","MainWindow.axaml; MainWindowViewModel.cs; IMystTiqApiClient.cs; LocalManagementApiHost.cs"
"44","Button","","","Click","HistoricalExport_Click","Mapped","Historical intent is represented by an Avalonia command/binding or an adapted local-only UI action over the current headless API.","MainWindow.axaml; MainWindowViewModel.cs; IMystTiqApiClient.cs; LocalManagementApiHost.cs"
"45","Button","","{Binding Action}","Click","EnvironmentAction_Click","Mapped","Historical intent is represented by an Avalonia command/binding or an adapted local-only UI action over the current headless API.","MainWindow.axaml; MainWindowViewModel.cs; IMystTiqApiClient.cs; LocalManagementApiHost.cs"
"46","Button","","＋  CREATE DEFAULT SETTINGS","Click","CreateSetupSettings_Click","Mapped","Historical intent is represented by an Avalonia command/binding or an adapted local-only UI action over the current headless API.","MainWindow.axaml; MainWindowViewModel.cs; IMystTiqApiClient.cs; LocalManagementApiHost.cs"
"47","Button","","↻  CHECK FOR UPDATES","Click","CheckForUpdates_Click","Mapped","Historical intent is represented by an Avalonia command/binding or an adapted local-only UI action over the current headless API.","MainWindow.axaml; MainWindowViewModel.cs; IMystTiqApiClient.cs; LocalManagementApiHost.cs"
"48","Button","","⬇  INSTALL MISSING","Click","InstallRequired_Click","Mapped","Historical intent is represented by an Avalonia command/binding or an adapted local-only UI action over the current headless API.","MainWindow.axaml; MainWindowViewModel.cs; IMystTiqApiClient.cs; LocalManagementApiHost.cs"
"49","Button","","✓  VERIFY FILES","Click","VerifyEnvironment_Click","Mapped","Historical intent is represented by an Avalonia command/binding or an adapted local-only UI action over the current headless API.","MainWindow.axaml; MainWindowViewModel.cs; IMystTiqApiClient.cs; LocalManagementApiHost.cs"
"50","Button","","↻  LOAD ACTIVE","Click","LoadActive_Click","Mapped","Historical intent is represented by an Avalonia command/binding or an adapted local-only UI action over the current headless API.","MainWindow.axaml; MainWindowViewModel.cs; IMystTiqApiClient.cs; LocalManagementApiHost.cs"
"51","Button","","↶  RESET DEFAULTS","Click","LoadDefaults_Click","Mapped","Historical intent is represented by an Avalonia command/binding or an adapted local-only UI action over the current headless API.","MainWindow.axaml; MainWindowViewModel.cs; IMystTiqApiClient.cs; LocalManagementApiHost.cs"
"52","Button","SaveConfigButton","✓  SAVE CHANGES","Click","SaveConfig_Click","Mapped","Historical intent is represented by an Avalonia command/binding or an adapted local-only UI action over the current headless API.","MainWindow.axaml; MainWindowViewModel.cs; IMystTiqApiClient.cs; LocalManagementApiHost.cs"
"53","Button","SimpleConfigViewButton","⚙  SIMPLE SETTINGS","Click","ShowSimpleConfig_Click","Mapped","Historical intent is represented by an Avalonia command/binding or an adapted local-only UI action over the current headless API.","MainWindow.axaml; MainWindowViewModel.cs; IMystTiqApiClient.cs; LocalManagementApiHost.cs"
"54","Button","AdvancedConfigViewButton","⚙  ADVANCED SETTINGS","Click","ShowAdvancedConfig_Click","Mapped","Historical intent is represented by an Avalonia command/binding or an adapted local-only UI action over the current headless API.","MainWindow.axaml; MainWindowViewModel.cs; IMystTiqApiClient.cs; LocalManagementApiHost.cs"
"55","TextBox","ConfigSearchBox","","TextChanged","ConfigFilter_Changed","Mapped","Historical intent is represented by an Avalonia command/binding or an adapted local-only UI action over the current headless API.","MainWindow.axaml; MainWindowViewModel.cs; IMystTiqApiClient.cs; LocalManagementApiHost.cs"
"56","ComboBox","ConfigCategoryCombo","","SelectionChanged","ConfigFilter_Changed","Mapped","Historical intent is represented by an Avalonia command/binding or an adapted local-only UI action over the current headless API.","MainWindow.axaml; MainWindowViewModel.cs; IMystTiqApiClient.cs; LocalManagementApiHost.cs"
"57","Button","","","Click","ImportConfig_Click","Mapped","Historical intent is represented by an Avalonia command/binding or an adapted local-only UI action over the current headless API.","MainWindow.axaml; MainWindowViewModel.cs; IMystTiqApiClient.cs; LocalManagementApiHost.cs"
"58","Button","","","Click","ExportConfig_Click","Mapped","Historical intent is represented by an Avalonia command/binding or an adapted local-only UI action over the current headless API.","MainWindow.axaml; MainWindowViewModel.cs; IMystTiqApiClient.cs; LocalManagementApiHost.cs"
"59","CheckBox","","","Click","QolOption_Changed","Mapped","Historical intent is represented by an Avalonia command/binding or an adapted local-only UI action over the current headless API.","MainWindow.axaml; MainWindowViewModel.cs; IMystTiqApiClient.cs; LocalManagementApiHost.cs"
"60","TextBox","SimpleServerNameTextBox","","TextChanged","SimpleServerIdentity_Changed","Mapped","Historical intent is represented by an Avalonia command/binding or an adapted local-only UI action over the current headless API.","MainWindow.axaml; MainWindowViewModel.cs; IMystTiqApiClient.cs; LocalManagementApiHost.cs"
"61","Button","","🎲  GENERATE","Click","GenerateServerName_Click","Mapped","Historical intent is represented by an Avalonia command/binding or an adapted local-only UI action over the current headless API.","MainWindow.axaml; MainWindowViewModel.cs; IMystTiqApiClient.cs; LocalManagementApiHost.cs"
"62","TextBox","SimpleServerDescriptionTextBox","","TextChanged","SimpleServerIdentity_Changed","Mapped","Historical intent is represented by an Avalonia command/binding or an adapted local-only UI action over the current headless API.","MainWindow.axaml; MainWindowViewModel.cs; IMystTiqApiClient.cs; LocalManagementApiHost.cs"
"63","ComboBox","QolPresetCombo","","SelectionChanged","QolPresetCombo_SelectionChanged","Intentionally obsolete","WPF presentation event replaced by Avalonia binding, commands, layout, or the single aggregate refresh timer.","MainWindow.axaml; MainWindowViewModel.cs"
"64","ComboBox","SimpleDeathPenaltyCombo","","SelectionChanged","SimpleDeathPenalty_Changed","Mapped","Historical intent is represented by an Avalonia command/binding or an adapted local-only UI action over the current headless API.","MainWindow.axaml; MainWindowViewModel.cs; IMystTiqApiClient.cs; LocalManagementApiHost.cs"
"65","Button","","📂  OPEN LOGS","Click","OpenLogsFolder_Click","Mapped","Historical intent is represented by an Avalonia command/binding or an adapted local-only UI action over the current headless API.","MainWindow.axaml; MainWindowViewModel.cs; IMystTiqApiClient.cs; LocalManagementApiHost.cs"
"66","Button","","⇩  EXPORT VIEW","Click","SaveVisibleLog_Click","Mapped","Historical intent is represented by an Avalonia command/binding or an adapted local-only UI action over the current headless API.","MainWindow.axaml; MainWindowViewModel.cs; IMystTiqApiClient.cs; LocalManagementApiHost.cs"
"67","ComboBox","ConsoleSeverityFilter","","SelectionChanged","ConsoleFilter_Changed","Mapped","Historical intent is represented by an Avalonia command/binding or an adapted local-only UI action over the current headless API.","MainWindow.axaml; MainWindowViewModel.cs; IMystTiqApiClient.cs; LocalManagementApiHost.cs"
"68","ComboBox","ConsoleCategoryFilter","","SelectionChanged","ConsoleFilter_Changed","Mapped","Historical intent is represented by an Avalonia command/binding or an adapted local-only UI action over the current headless API.","MainWindow.axaml; MainWindowViewModel.cs; IMystTiqApiClient.cs; LocalManagementApiHost.cs"
"69","TextBox","ConsoleSearchBox","","TextChanged","ConsoleSearch_Changed","Mapped","Historical intent is represented by an Avalonia command/binding or an adapted local-only UI action over the current headless API.","MainWindow.axaml; MainWindowViewModel.cs; IMystTiqApiClient.cs; LocalManagementApiHost.cs"
"70","CheckBox","HideRoutineRestCheckBox","Hide REST traffic","Checked","ConsoleFilter_Changed","Mapped","Historical intent is represented by an Avalonia command/binding or an adapted local-only UI action over the current headless API.","MainWindow.axaml; MainWindowViewModel.cs; IMystTiqApiClient.cs; LocalManagementApiHost.cs"
"71","CheckBox","HideRoutineRestCheckBox","Hide REST traffic","Unchecked","ConsoleFilter_Changed","Mapped","Historical intent is represented by an Avalonia command/binding or an adapted local-only UI action over the current headless API.","MainWindow.axaml; MainWindowViewModel.cs; IMystTiqApiClient.cs; LocalManagementApiHost.cs"
"72","Button","","↻  REFRESH VIEW","Click","RefreshConsole_Click","Mapped","Historical intent is represented by an Avalonia command/binding or an adapted local-only UI action over the current headless API.","MainWindow.axaml; MainWindowViewModel.cs; IMystTiqApiClient.cs; LocalManagementApiHost.cs"
"73","Button","PauseConsoleButton","Ⅱ  PAUSE","Click","PauseConsole_Click","Mapped","Historical intent is represented by an Avalonia command/binding or an adapted local-only UI action over the current headless API.","MainWindow.axaml; MainWindowViewModel.cs; IMystTiqApiClient.cs; LocalManagementApiHost.cs"
"74","Button","","✕  CLEAR VIEW","Click","ClearConsole_Click","Mapped","Historical intent is represented by an Avalonia command/binding or an adapted local-only UI action over the current headless API.","MainWindow.axaml; MainWindowViewModel.cs; IMystTiqApiClient.cs; LocalManagementApiHost.cs"
"75","Button","","⚕  RCON DOCTOR","Click","RconDoctor_Click","Mapped","Historical intent is represented by an Avalonia command/binding or an adapted local-only UI action over the current headless API.","MainWindow.axaml; MainWindowViewModel.cs; IMystTiqApiClient.cs; LocalManagementApiHost.cs"
"76","Button","","●  CONNECT","Click","RconConnect_Click","Mapped","Historical intent is represented by an Avalonia command/binding or an adapted local-only UI action over the current headless API.","MainWindow.axaml; MainWindowViewModel.cs; IMystTiqApiClient.cs; LocalManagementApiHost.cs"
"77","Button","","■  DISCONNECT","Click","RconDisconnect_Click","Mapped","Historical intent is represented by an Avalonia command/binding or an adapted local-only UI action over the current headless API.","MainWindow.axaml; MainWindowViewModel.cs; IMystTiqApiClient.cs; LocalManagementApiHost.cs"
"78","ComboBox","RconPresetCombo","","SelectionChanged","RconPreset_Changed","Mapped","Historical intent is represented by an Avalonia command/binding or an adapted local-only UI action over the current headless API.","MainWindow.axaml; MainWindowViewModel.cs; IMystTiqApiClient.cs; LocalManagementApiHost.cs"
"79","Button","","➤  SEND COMMAND","Click","RconSend_Click","Mapped","Historical intent is represented by an Avalonia command/binding or an adapted local-only UI action over the current headless API.","MainWindow.axaml; MainWindowViewModel.cs; IMystTiqApiClient.cs; LocalManagementApiHost.cs"
"80","Button","","↻  REFRESH STATUS","Click","RefreshAdminCommandsStatus_Click","Mapped","Historical intent is represented by an Avalonia command/binding or an adapted local-only UI action over the current headless API.","MainWindow.axaml; MainWindowViewModel.cs; IMystTiqApiClient.cs; LocalManagementApiHost.cs"
"81","Button","","↻  REFRESH","Click","RefreshPlayers_Click","Mapped","Historical intent is represented by an Avalonia command/binding or an adapted local-only UI action over the current headless API.","MainWindow.axaml; MainWindowViewModel.cs; IMystTiqApiClient.cs; LocalManagementApiHost.cs"
"82","Button","","⌕  DISCOVER SAVES","Click","DiscoverPlayerSaves_Click","Mapped","Historical intent is represented by an Avalonia command/binding or an adapted local-only UI action over the current headless API.","MainWindow.axaml; MainWindowViewModel.cs; IMystTiqApiClient.cs; LocalManagementApiHost.cs"
"83","Button","","⇩  EXPORT CSV","Click","ExportPlayersCsv_Click","Mapped","Historical intent is represented by an Avalonia command/binding or an adapted local-only UI action over the current headless API.","MainWindow.axaml; MainWindowViewModel.cs; IMystTiqApiClient.cs; LocalManagementApiHost.cs"
"84","TextBox","PlayerSearchBox","","TextChanged","PlayerSearch_Changed","Mapped","Historical intent is represented by an Avalonia command/binding or an adapted local-only UI action over the current headless API.","MainWindow.axaml; MainWindowViewModel.cs; IMystTiqApiClient.cs; LocalManagementApiHost.cs"
"85","ComboBox","PlayerViewCombo","","SelectionChanged","PlayerView_Changed","Mapped","Historical intent is represented by an Avalonia command/binding or an adapted local-only UI action over the current headless API.","MainWindow.axaml; MainWindowViewModel.cs; IMystTiqApiClient.cs; LocalManagementApiHost.cs"
"86","ComboBox","PlayerAdminFilterCombo","","SelectionChanged","PlayerAdminFilter_Changed","Mapped","Historical intent is represented by an Avalonia command/binding or an adapted local-only UI action over the current headless API.","MainWindow.axaml; MainWindowViewModel.cs; IMystTiqApiClient.cs; LocalManagementApiHost.cs"
"87","Button","","ℹ  KICK","Click","Kick_Click","Mapped","Historical intent is represented by an Avalonia command/binding or an adapted local-only UI action over the current headless API.","MainWindow.axaml; MainWindowViewModel.cs; IMystTiqApiClient.cs; LocalManagementApiHost.cs"
"88","Button","","⛔  TEMP BAN 24H","Click","TemporaryBan_Click","Mapped","Historical intent is represented by an Avalonia command/binding or an adapted local-only UI action over the current headless API.","MainWindow.axaml; MainWindowViewModel.cs; IMystTiqApiClient.cs; LocalManagementApiHost.cs"
"89","Button","","⛔  BAN","Click","Ban_Click","Mapped","Historical intent is represented by an Avalonia command/binding or an adapted local-only UI action over the current headless API.","MainWindow.axaml; MainWindowViewModel.cs; IMystTiqApiClient.cs; LocalManagementApiHost.cs"
"90","Button","","✓  UNBAN","Click","Unban_Click","Mapped","Historical intent is represented by an Avalonia command/binding or an adapted local-only UI action over the current headless API.","MainWindow.axaml; MainWindowViewModel.cs; IMystTiqApiClient.cs; LocalManagementApiHost.cs"
"91","Button","","⇄  PROMOTE ADMIN","Click","PromoteAdmin_Click","BACKEND REQUIRED","Unsafe or codec-dependent mutation remains a visible disabled BACKEND REQUIRED capability.","MainWindow.axaml capability-truth controls; GUI restoration roadmap"
"92","Button","","✖  REMOVE ADMIN","Click","RemoveAdmin_Click","Mapped","Historical intent is represented by an Avalonia command/binding or an adapted local-only UI action over the current headless API.","MainWindow.axaml; MainWindowViewModel.cs; IMystTiqApiClient.cs; LocalManagementApiHost.cs"
"93","Button","","ℹ  WHITELIST","Click","WhitelistPlayer_Click","Mapped","Historical intent is represented by an Avalonia command/binding or an adapted local-only UI action over the current headless API.","MainWindow.axaml; MainWindowViewModel.cs; IMystTiqApiClient.cs; LocalManagementApiHost.cs"
"94","Button","","✖  REMOVE WHITELIST","Click","RemoveWhitelist_Click","Mapped","Historical intent is represented by an Avalonia command/binding or an adapted local-only UI action over the current headless API.","MainWindow.axaml; MainWindowViewModel.cs; IMystTiqApiClient.cs; LocalManagementApiHost.cs"
"95","Button","","⇄  ADMIN ACCESS","Click","AdminAccess_Click","Mapped","Historical intent is represented by an Avalonia command/binding or an adapted local-only UI action over the current headless API.","MainWindow.axaml; MainWindowViewModel.cs; IMystTiqApiClient.cs; LocalManagementApiHost.cs"
"96","Button","","＋  ADD NOTE","Click","AddAdministrationNote_Click","Mapped","Historical intent is represented by an Avalonia command/binding or an adapted local-only UI action over the current headless API.","MainWindow.axaml; MainWindowViewModel.cs; IMystTiqApiClient.cs; LocalManagementApiHost.cs"
"97","Button","","ℹ  ISSUE WARNING","Click","IssuePlayerWarning_Click","Mapped","Historical intent is represented by an Avalonia command/binding or an adapted local-only UI action over the current headless API.","MainWindow.axaml; MainWindowViewModel.cs; IMystTiqApiClient.cs; LocalManagementApiHost.cs"
"98","Button","","✖  CLEAR WARNINGS","Click","ClearPlayerWarnings_Click","Mapped","Historical intent is represented by an Avalonia command/binding or an adapted local-only UI action over the current headless API.","MainWindow.axaml; MainWindowViewModel.cs; IMystTiqApiClient.cs; LocalManagementApiHost.cs"
"99","DataGrid","PlayersGrid","","SelectionChanged","PlayerSelection_Changed","Mapped","Historical intent is represented by an Avalonia command/binding or an adapted local-only UI action over the current headless API.","MainWindow.axaml; MainWindowViewModel.cs; IMystTiqApiClient.cs; LocalManagementApiHost.cs"
"100","Button","SavePlayerNoteButton","✓  SAVE NOTE","Click","SavePlayerNote_Click","Mapped","Historical intent is represented by an Avalonia command/binding or an adapted local-only UI action over the current headless API.","MainWindow.axaml; MainWindowViewModel.cs; IMystTiqApiClient.cs; LocalManagementApiHost.cs"
"101","Button","","↻  REFRESH","Click","RefreshGuilds_Click","Mapped","Historical intent is represented by an Avalonia command/binding or an adapted local-only UI action over the current headless API.","MainWindow.axaml; MainWindowViewModel.cs; IMystTiqApiClient.cs; LocalManagementApiHost.cs"
"102","Button","","⧉  COPY DISCOVERY DIAGNOSTICS","Click","CopyWorldDiscoveryDiagnostics_Click","Mapped","Historical intent is represented by an Avalonia command/binding or an adapted local-only UI action over the current headless API.","MainWindow.axaml; MainWindowViewModel.cs; IMystTiqApiClient.cs; LocalManagementApiHost.cs"
"103","Button","","⇩  EXPORT","Click","ExportGuildSnapshot_Click","Mapped","Historical intent is represented by an Avalonia command/binding or an adapted local-only UI action over the current headless API.","MainWindow.axaml; MainWindowViewModel.cs; IMystTiqApiClient.cs; LocalManagementApiHost.cs"
"104","TextBox","GuildSearchBox","","TextChanged","GuildSearchBox_TextChanged","Intentionally obsolete","WPF presentation event replaced by Avalonia binding, commands, layout, or the single aggregate refresh timer.","MainWindow.axaml; MainWindowViewModel.cs"
"105","ComboBox","GuildStatusFilterCombo","","SelectionChanged","GuildStatusFilterCombo_SelectionChanged","Intentionally obsolete","WPF presentation event replaced by Avalonia binding, commands, layout, or the single aggregate refresh timer.","MainWindow.axaml; MainWindowViewModel.cs"
"106","Button","","✖  CLEAR FILTERS","Click","ClearGuildFilters_Click","Mapped","Historical intent is represented by an Avalonia command/binding or an adapted local-only UI action over the current headless API.","MainWindow.axaml; MainWindowViewModel.cs; IMystTiqApiClient.cs; LocalManagementApiHost.cs"
"107","DataGrid","GuildsGrid","","SelectionChanged","GuildSelection_Changed","Mapped","Historical intent is represented by an Avalonia command/binding or an adapted local-only UI action over the current headless API.","MainWindow.axaml; MainWindowViewModel.cs; IMystTiqApiClient.cs; LocalManagementApiHost.cs"
"108","Button","","⧉  COPY GUILD ID","Click","CopyGuildId_Click","Mapped","Historical intent is represented by an Avalonia command/binding or an adapted local-only UI action over the current headless API.","MainWindow.axaml; MainWindowViewModel.cs; IMystTiqApiClient.cs; LocalManagementApiHost.cs"
"109","Button","","📂  OPEN PLAYER","Click","OpenGuildPlayer_Click","Mapped","Historical intent is represented by an Avalonia command/binding or an adapted local-only UI action over the current headless API.","MainWindow.axaml; MainWindowViewModel.cs; IMystTiqApiClient.cs; LocalManagementApiHost.cs"
"110","Button","","＋ ADD PLAYER","Click","AddPlayerToGuild_Click","Mapped","Historical intent is represented by an Avalonia command/binding or an adapted local-only UI action over the current headless API.","MainWindow.axaml; MainWindowViewModel.cs; IMystTiqApiClient.cs; LocalManagementApiHost.cs"
"111","Button","","♛ TRANSFER LEADER","Click","TransferGuildLeadership_Click","Mapped","Historical intent is represented by an Avalonia command/binding or an adapted local-only UI action over the current headless API.","MainWindow.axaml; MainWindowViewModel.cs; IMystTiqApiClient.cs; LocalManagementApiHost.cs"
"112","Button","","⚑ CLAIM ORPHAN","Click","ClaimOrphanedGuild_Click","Mapped","Historical intent is represented by an Avalonia command/binding or an adapted local-only UI action over the current headless API.","MainWindow.axaml; MainWindowViewModel.cs; IMystTiqApiClient.cs; LocalManagementApiHost.cs"
"113","Button","","⚒ REPAIR MAPPINGS","Click","RepairGuildMappings_Click","Mapped","Historical intent is represented by an Avalonia command/binding or an adapted local-only UI action over the current headless API.","MainWindow.axaml; MainWindowViewModel.cs; IMystTiqApiClient.cs; LocalManagementApiHost.cs"
"114","Button","","✓ APPLY REPAIR","Click","ApplyGuildRepair_Click","BACKEND REQUIRED","Unsafe or codec-dependent mutation remains a visible disabled BACKEND REQUIRED capability.","MainWindow.axaml capability-truth controls; GUI restoration roadmap"
"115","Button","","▣  CREATE BACKUP","Click","Backup_Click","Mapped","Historical intent is represented by an Avalonia command/binding or an adapted local-only UI action over the current headless API.","MainWindow.axaml; MainWindowViewModel.cs; IMystTiqApiClient.cs; LocalManagementApiHost.cs"
"116","Button","","✓  VERIFY SELECTED","Click","VerifyBackup_Click","Mapped","Historical intent is represented by an Avalonia command/binding or an adapted local-only UI action over the current headless API.","MainWindow.axaml; MainWindowViewModel.cs; IMystTiqApiClient.cs; LocalManagementApiHost.cs"
"117","Button","","✓  VERIFY ALL","Click","BackupCenterVerifyAll_Click","Mapped","Historical intent is represented by an Avalonia command/binding or an adapted local-only UI action over the current headless API.","MainWindow.axaml; MainWindowViewModel.cs; IMystTiqApiClient.cs; LocalManagementApiHost.cs"
"118","Button","","↥  RESTORE SELECTED","Click","Restore_Click","Mapped","Historical intent is represented by an Avalonia command/binding or an adapted local-only UI action over the current headless API.","MainWindow.axaml; MainWindowViewModel.cs; IMystTiqApiClient.cs; LocalManagementApiHost.cs"
"119","Button","","🗑  DELETE SELECTED","Click","DeleteBackup_Click","Mapped","Historical intent is represented by an Avalonia command/binding or an adapted local-only UI action over the current headless API.","MainWindow.axaml; MainWindowViewModel.cs; IMystTiqApiClient.cs; LocalManagementApiHost.cs"
"120","Button","","↻  REFRESH","Click","RefreshBackups_Click","Mapped","Historical intent is represented by an Avalonia command/binding or an adapted local-only UI action over the current headless API.","MainWindow.axaml; MainWindowViewModel.cs; IMystTiqApiClient.cs; LocalManagementApiHost.cs"
"121","Button","","👁  PREVIEW CLEANUP","Click","BackupCenterPreviewRetention_Click","Mapped","Historical intent is represented by an Avalonia command/binding or an adapted local-only UI action over the current headless API.","MainWindow.axaml; MainWindowViewModel.cs; IMystTiqApiClient.cs; LocalManagementApiHost.cs"
"122","Button","","✓  APPLY CLEANUP","Click","BackupCenterApplyRetention_Click","Mapped","Historical intent is represented by an Avalonia command/binding or an adapted local-only UI action over the current headless API.","MainWindow.axaml; MainWindowViewModel.cs; IMystTiqApiClient.cs; LocalManagementApiHost.cs"
"123","Button","","📂  OPEN BACKUP ROOT","Click","BackupCenterOpenFolder_Click","Mapped","Historical intent is represented by an Avalonia command/binding or an adapted local-only UI action over the current headless API.","MainWindow.axaml; MainWindowViewModel.cs; IMystTiqApiClient.cs; LocalManagementApiHost.cs"
"124","Button","","✓  VERIFY & SCAN ALL MODS","Click","VerifyAllMods_Click","Mapped","Historical intent is represented by an Avalonia command/binding or an adapted local-only UI action over the current headless API.","MainWindow.axaml; MainWindowViewModel.cs; IMystTiqApiClient.cs; LocalManagementApiHost.cs"
"125","Button","","⇩  EXPORT REPORT","Click","ExportModVerificationReport_Click","Mapped","Historical intent is represented by an Avalonia command/binding or an adapted local-only UI action over the current headless API.","MainWindow.axaml; MainWindowViewModel.cs; IMystTiqApiClient.cs; LocalManagementApiHost.cs"
"126","DataGrid","ModDashboardGrid","","SelectionChanged","ModDashboardGrid_SelectionChanged","Intentionally obsolete","WPF presentation event replaced by Avalonia binding, commands, layout, or the single aggregate refresh timer.","MainWindow.axaml; MainWindowViewModel.cs"
"127","Button","","✓  VERIFY SELECTED","Click","VerifySelectedMod_Click","Mapped","Historical intent is represented by an Avalonia command/binding or an adapted local-only UI action over the current headless API.","MainWindow.axaml; MainWindowViewModel.cs; IMystTiqApiClient.cs; LocalManagementApiHost.cs"
"128","Button","","⇢  MIGRATE LEGACY MODS","Click","MigrateLegacyMods_Click","Mapped","Historical intent is represented by an Avalonia command/binding or an adapted local-only UI action over the current headless API.","MainWindow.axaml; MainWindowViewModel.cs; IMystTiqApiClient.cs; LocalManagementApiHost.cs"
"129","Button","","📂  OPEN MODS FOLDER","Click","OpenModsRoot_Click","Mapped","Historical intent is represented by an Avalonia command/binding or an adapted local-only UI action over the current headless API.","MainWindow.axaml; MainWindowViewModel.cs; IMystTiqApiClient.cs; LocalManagementApiHost.cs"
"130","Button","","＋  INSTALL MOD ZIP","Click","BrowseModZip_Click","Mapped","Historical intent is represented by an Avalonia command/binding or an adapted local-only UI action over the current headless API.","MainWindow.axaml; MainWindowViewModel.cs; IMystTiqApiClient.cs; LocalManagementApiHost.cs"
"131","Button","","▶  ENABLE SELECTED","Click","EnableSelectedMod_Click","Mapped","Historical intent is represented by an Avalonia command/binding or an adapted local-only UI action over the current headless API.","MainWindow.axaml; MainWindowViewModel.cs; IMystTiqApiClient.cs; LocalManagementApiHost.cs"
"132","Button","","▶  ENABLE ALL","Click","EnableAllMods_Click","Mapped","Historical intent is represented by an Avalonia command/binding or an adapted local-only UI action over the current headless API.","MainWindow.axaml; MainWindowViewModel.cs; IMystTiqApiClient.cs; LocalManagementApiHost.cs"
"133","Button","","■  DISABLE SELECTED","Click","DisableSelectedMod_Click","Mapped","Historical intent is represented by an Avalonia command/binding or an adapted local-only UI action over the current headless API.","MainWindow.axaml; MainWindowViewModel.cs; IMystTiqApiClient.cs; LocalManagementApiHost.cs"
"134","Button","","■  DISABLE ALL","Click","DisableAllMods_Click","Mapped","Historical intent is represented by an Avalonia command/binding or an adapted local-only UI action over the current headless API.","MainWindow.axaml; MainWindowViewModel.cs; IMystTiqApiClient.cs; LocalManagementApiHost.cs"
"135","Button","","🔧  REPAIR STATES","Click","RepairModStates_Click","Mapped","Historical intent is represented by an Avalonia command/binding or an adapted local-only UI action over the current headless API.","MainWindow.axaml; MainWindowViewModel.cs; IMystTiqApiClient.cs; LocalManagementApiHost.cs"
"136","Button","","🗑  DELETE SELECTED","Click","DeleteMod_Click","Mapped","Historical intent is represented by an Avalonia command/binding or an adapted local-only UI action over the current headless API.","MainWindow.axaml; MainWindowViewModel.cs; IMystTiqApiClient.cs; LocalManagementApiHost.cs"
"137","DataGrid","ModsGrid","","SelectionChanged","ModsGrid_SelectionChanged","Intentionally obsolete","WPF presentation event replaced by Avalonia binding, commands, layout, or the single aggregate refresh timer.","MainWindow.axaml; MainWindowViewModel.cs"
"138","Button","","↻  REFRESH","Click","RefreshLocalSteamMods_Click","Mapped","Historical intent is represented by an Avalonia command/binding or an adapted local-only UI action over the current headless API.","MainWindow.axaml; MainWindowViewModel.cs; IMystTiqApiClient.cs; LocalManagementApiHost.cs"
"139","Button","","⇩  IMPORT SELECTED","Click","ImportLocalMod_Click","Mapped","Historical intent is represented by an Avalonia command/binding or an adapted local-only UI action over the current headless API.","MainWindow.axaml; MainWindowViewModel.cs; IMystTiqApiClient.cs; LocalManagementApiHost.cs"
"140","DataGrid","LocalModsGrid","","SelectionChanged","LocalModsGrid_SelectionChanged","Intentionally obsolete","WPF presentation event replaced by Avalonia binding, commands, layout, or the single aggregate refresh timer.","MainWindow.axaml; MainWindowViewModel.cs"
"141","Button","","↻  REFRESH INFO","Click","RefreshSelectedModInfo_Click","Mapped","Historical intent is represented by an Avalonia command/binding or an adapted local-only UI action over the current headless API.","MainWindow.axaml; MainWindowViewModel.cs; IMystTiqApiClient.cs; LocalManagementApiHost.cs"
"142","Button","","⌕  SEARCH ONLINE","Click","SearchSelectedModOnline_Click","Mapped","Historical intent is represented by an Avalonia command/binding or an adapted local-only UI action over the current headless API.","MainWindow.axaml; MainWindowViewModel.cs; IMystTiqApiClient.cs; LocalManagementApiHost.cs"
"143","Button","","📂  OPEN FOLDER","Click","OpenSelectedModFolder_Click","Mapped","Historical intent is represented by an Avalonia command/binding or an adapted local-only UI action over the current headless API.","MainWindow.axaml; MainWindowViewModel.cs; IMystTiqApiClient.cs; LocalManagementApiHost.cs"
"144","Button","","↗  OPEN WORKSHOP","Click","OpenSelectedWorkshop_Click","BACKEND REQUIRED","Unsafe or codec-dependent mutation remains a visible disabled BACKEND REQUIRED capability.","MainWindow.axaml capability-truth controls; GUI restoration roadmap"
"145","CheckBox","ScheduledRestartCheck","Daily restart","Checked","ScheduledRestartCheck_Changed","Mapped","Historical intent is represented by an Avalonia command/binding or an adapted local-only UI action over the current headless API.","MainWindow.axaml; MainWindowViewModel.cs; IMystTiqApiClient.cs; LocalManagementApiHost.cs"
"146","CheckBox","ScheduledRestartCheck","Daily restart","Unchecked","ScheduledRestartCheck_Changed","Mapped","Historical intent is represented by an Avalonia command/binding or an adapted local-only UI action over the current headless API.","MainWindow.axaml; MainWindowViewModel.cs; IMystTiqApiClient.cs; LocalManagementApiHost.cs"
"147","Button","","✓  SAVE AUTOMATION","Click","SaveAutomation_Click","Mapped","Historical intent is represented by an Avalonia command/binding or an adapted local-only UI action over the current headless API.","MainWindow.axaml; MainWindowViewModel.cs; IMystTiqApiClient.cs; LocalManagementApiHost.cs"
"148","Button","","⌕  BROWSE","Click","BrowseServerRoot_Click","Mapped","Historical intent is represented by an Avalonia command/binding or an adapted local-only UI action over the current headless API.","MainWindow.axaml; MainWindowViewModel.cs; IMystTiqApiClient.cs; LocalManagementApiHost.cs"
"149","Button","","⌕  BROWSE","Click","BrowseSteamCmd_Click","Mapped","Historical intent is represented by an Avalonia command/binding or an adapted local-only UI action over the current headless API.","MainWindow.axaml; MainWindowViewModel.cs; IMystTiqApiClient.cs; LocalManagementApiHost.cs"
"150","Button","","⌕  BROWSE","Click","BrowseBackupRoot_Click","Mapped","Historical intent is represented by an Avalonia command/binding or an adapted local-only UI action over the current headless API.","MainWindow.axaml; MainWindowViewModel.cs; IMystTiqApiClient.cs; LocalManagementApiHost.cs"
"151","TextBox","ApiPasswordVisibleBox","","TextChanged","ApiPasswordVisibleBox_TextChanged","Intentionally obsolete","WPF presentation event replaced by Avalonia binding, commands, layout, or the single aggregate refresh timer.","MainWindow.axaml; MainWindowViewModel.cs"
"152","ToggleButton","PasswordVisibilityToggle","👁","Checked","PasswordVisibilityToggle_Checked","Mapped","Historical intent is represented by an Avalonia command/binding or an adapted local-only UI action over the current headless API.","MainWindow.axaml; MainWindowViewModel.cs; IMystTiqApiClient.cs; LocalManagementApiHost.cs"
"153","ToggleButton","PasswordVisibilityToggle","👁","Unchecked","PasswordVisibilityToggle_Unchecked","Mapped","Historical intent is represented by an Avalonia command/binding or an adapted local-only UI action over the current headless API.","MainWindow.axaml; MainWindowViewModel.cs; IMystTiqApiClient.cs; LocalManagementApiHost.cs"
"154","Button","","✓  SAVE SETTINGS","Click","SaveSettings_Click","Mapped","Historical intent is represented by an Avalonia command/binding or an adapted local-only UI action over the current headless API.","MainWindow.axaml; MainWindowViewModel.cs; IMystTiqApiClient.cs; LocalManagementApiHost.cs"
"155","Button","","✚  RUN FULL DIAGNOSTIC","Click","RunServerDoctor_Click","Mapped","Historical intent is represented by an Avalonia command/binding or an adapted local-only UI action over the current headless API.","MainWindow.axaml; MainWindowViewModel.cs; IMystTiqApiClient.cs; LocalManagementApiHost.cs"
"156","Button","","⚠  FORCE CLEANUP","Click","ForceCleanup_Click","BACKEND REQUIRED","Unsafe or codec-dependent mutation remains a visible disabled BACKEND REQUIRED capability.","MainWindow.axaml capability-truth controls; GUI restoration roadmap"
"157","Button","StartStabilityTestButton","▶  START TEST","Click","StartStabilityTest_Click","Mapped","Historical intent is represented by an Avalonia command/binding or an adapted local-only UI action over the current headless API.","MainWindow.axaml; MainWindowViewModel.cs; IMystTiqApiClient.cs; LocalManagementApiHost.cs"
"158","Button","StopStabilityTestButton","■  STOP TEST","Click","StopStabilityTest_Click","Mapped","Historical intent is represented by an Avalonia command/binding or an adapted local-only UI action over the current headless API.","MainWindow.axaml; MainWindowViewModel.cs; IMystTiqApiClient.cs; LocalManagementApiHost.cs"
"159","Button","","ℹ  VANILLA","Click","PrepareVanillaIsolation_Click","Mapped","Historical intent is represented by an Avalonia command/binding or an adapted local-only UI action over the current headless API.","MainWindow.axaml; MainWindowViewModel.cs; IMystTiqApiClient.cs; LocalManagementApiHost.cs"
"160","Button","","ℹ  UE4SS ONLY","Click","PrepareUe4ssIsolation_Click","Mapped","Historical intent is represented by an Avalonia command/binding or an adapted local-only UI action over the current headless API.","MainWindow.axaml; MainWindowViewModel.cs; IMystTiqApiClient.cs; LocalManagementApiHost.cs"
"161","Button","","↶  RESTORE STATE","Click","RestoreIsolationState_Click","Mapped","Historical intent is represented by an Avalonia command/binding or an adapted local-only UI action over the current headless API.","MainWindow.axaml; MainWindowViewModel.cs; IMystTiqApiClient.cs; LocalManagementApiHost.cs"
"162","Button","","↻  REFRESH EVENTS","Click","RefreshServerEvents_Click","Mapped","Historical intent is represented by an Avalonia command/binding or an adapted local-only UI action over the current headless API.","MainWindow.axaml; MainWindowViewModel.cs; IMystTiqApiClient.cs; LocalManagementApiHost.cs"
"163","Button","","↻  REFRESH","Click","RefreshCrashAnalyzer_Click","Mapped","Historical intent is represented by an Avalonia command/binding or an adapted local-only UI action over the current headless API.","MainWindow.axaml; MainWindowViewModel.cs; IMystTiqApiClient.cs; LocalManagementApiHost.cs"
"164","Button","","▣  OPEN DIAGNOSTICS","Click","OpenDiagnosticsFolder_Click","Mapped","Historical intent is represented by an Avalonia command/binding or an adapted local-only UI action over the current headless API.","MainWindow.axaml; MainWindowViewModel.cs; IMystTiqApiClient.cs; LocalManagementApiHost.cs"
"165","DataGrid","CrashHistoryGrid","","SelectionChanged","CrashHistoryGrid_SelectionChanged","Intentionally obsolete","WPF presentation event replaced by Avalonia binding, commands, layout, or the single aggregate refresh timer.","MainWindow.axaml; MainWindowViewModel.cs"
"166","Button","UpdateCheckAllButton","↻  CHECK ALL UPDATES","Click","RefreshUpdateCenter_Click","Mapped","Historical intent is represented by an Avalonia command/binding or an adapted local-only UI action over the current headless API.","MainWindow.axaml; MainWindowViewModel.cs; IMystTiqApiClient.cs; LocalManagementApiHost.cs"
"167","Button","UpdateAllAvailableButton","⬇  UPDATE ALL AVAILABLE","Click","UpdateAllAvailable_Click","Mapped","Historical intent is represented by an Avalonia command/binding or an adapted local-only UI action over the current headless API.","MainWindow.axaml; MainWindowViewModel.cs; IMystTiqApiClient.cs; LocalManagementApiHost.cs"
"168","Button","UpdateCenterActionButton","{Binding Action}","Click","UpdateCenterRowAction_Click","Mapped","Historical intent is represented by an Avalonia command/binding or an adapted local-only UI action over the current headless API.","MainWindow.axaml; MainWindowViewModel.cs; IMystTiqApiClient.cs; LocalManagementApiHost.cs"
"169","Button","","↻  REFRESH","Click","RefreshModRuntime_Click","Mapped","Historical intent is represented by an Avalonia command/binding or an adapted local-only UI action over the current headless API.","MainWindow.axaml; MainWindowViewModel.cs; IMystTiqApiClient.cs; LocalManagementApiHost.cs"
"170","Button","","📂  OPEN RUNTIME","Click","OpenModRuntimeFolder_Click","Mapped","Historical intent is represented by an Avalonia command/binding or an adapted local-only UI action over the current headless API.","MainWindow.axaml; MainWindowViewModel.cs; IMystTiqApiClient.cs; LocalManagementApiHost.cs"
"171","Button","ModRuntimeToggleButton","■  DISABLE","Click","ToggleModRuntime_Click","Mapped","Historical intent is represented by an Avalonia command/binding or an adapted local-only UI action over the current headless API.","MainWindow.axaml; MainWindowViewModel.cs; IMystTiqApiClient.cs; LocalManagementApiHost.cs"
"172","Button","","✓  VERIFY","Click","VerifyModRuntime_Click","Mapped","Historical intent is represented by an Avalonia command/binding or an adapted local-only UI action over the current headless API.","MainWindow.axaml; MainWindowViewModel.cs; IMystTiqApiClient.cs; LocalManagementApiHost.cs"
"173","ComboBox","Ue4ssSourceCombo","","SelectionChanged","Ue4ssSourceCombo_SelectionChanged","Intentionally obsolete","WPF presentation event replaced by Avalonia binding, commands, layout, or the single aggregate refresh timer.","MainWindow.axaml; MainWindowViewModel.cs"
"174","ComboBox","Ue4ssReleaseCombo","","SelectionChanged","Ue4ssReleaseCombo_SelectionChanged","Intentionally obsolete","WPF presentation event replaced by Avalonia binding, commands, layout, or the single aggregate refresh timer.","MainWindow.axaml; MainWindowViewModel.cs"
"175","Button","","↻  REFRESH RELEASES","Click","CheckUe4ssVersions_Click","Mapped","Historical intent is represented by an Avalonia command/binding or an adapted local-only UI action over the current headless API.","MainWindow.axaml; MainWindowViewModel.cs; IMystTiqApiClient.cs; LocalManagementApiHost.cs"
"176","Button","","✓  VERIFY VERSION","Click","VerifyUe4ssRuntimeVersion_Click","Mapped","Historical intent is represented by an Avalonia command/binding or an adapted local-only UI action over the current headless API.","MainWindow.axaml; MainWindowViewModel.cs; IMystTiqApiClient.cs; LocalManagementApiHost.cs"
"177","Button","","⬇  INSTALL SELECTED","Click","InstallSelectedUe4ssRelease_Click","Mapped","Historical intent is represented by an Avalonia command/binding or an adapted local-only UI action over the current headless API.","MainWindow.axaml; MainWindowViewModel.cs; IMystTiqApiClient.cs; LocalManagementApiHost.cs"
"178","Button","","↗  GITHUB RELEASES","Click","OpenUe4ssGithub_Click","Mapped","Historical intent is represented by an Avalonia command/binding or an adapted local-only UI action over the current headless API.","MainWindow.axaml; MainWindowViewModel.cs; IMystTiqApiClient.cs; LocalManagementApiHost.cs"
"179","Button","","⇩  IMPORT RUNTIME ZIP","Click","ImportModRuntimeZip_Click","Mapped","Historical intent is represented by an Avalonia command/binding or an adapted local-only UI action over the current headless API.","MainWindow.axaml; MainWindowViewModel.cs; IMystTiqApiClient.cs; LocalManagementApiHost.cs"
"180","Button","","▣  BACKUP CURRENT","Click","BackupModRuntime_Click","Mapped","Historical intent is represented by an Avalonia command/binding or an adapted local-only UI action over the current headless API.","MainWindow.axaml; MainWindowViewModel.cs; IMystTiqApiClient.cs; LocalManagementApiHost.cs"
"181","Button","","↶  RESTORE SNAPSHOT","Click","RestoreModRuntimeSnapshot_Click","Mapped","Historical intent is represented by an Avalonia command/binding or an adapted local-only UI action over the current headless API.","MainWindow.axaml; MainWindowViewModel.cs; IMystTiqApiClient.cs; LocalManagementApiHost.cs"
"182","Button","","◎  INSPECT ACTIVE WORLD","Click","InspectActiveWorld_Click","Mapped","Historical intent is represented by an Avalonia command/binding or an adapted local-only UI action over the current headless API.","MainWindow.axaml; MainWindowViewModel.cs; IMystTiqApiClient.cs; LocalManagementApiHost.cs"
"183","Button","","↻  REFRESH","Click","RefreshSaveInspector_Click","Mapped","Historical intent is represented by an Avalonia command/binding or an adapted local-only UI action over the current headless API.","MainWindow.axaml; MainWindowViewModel.cs; IMystTiqApiClient.cs; LocalManagementApiHost.cs"
"184","Button","","⇧  EXPORT REPORT","Click","ExportSaveDiagnostics_Click","Mapped","Historical intent is represented by an Avalonia command/binding or an adapted local-only UI action over the current headless API.","MainWindow.axaml; MainWindowViewModel.cs; IMystTiqApiClient.cs; LocalManagementApiHost.cs"
"185","Button","","📂  OPEN WORLD FOLDER","Click","OpenInspectedWorldFolder_Click","Mapped","Historical intent is represented by an Avalonia command/binding or an adapted local-only UI action over the current headless API.","MainWindow.axaml; MainWindowViewModel.cs; IMystTiqApiClient.cs; LocalManagementApiHost.cs"
"186","Button","","📂  BROWSE LEVEL.SAV","Click","BrowseSaveInspector_Click","Mapped","Historical intent is represented by an Avalonia command/binding or an adapted local-only UI action over the current headless API.","MainWindow.axaml; MainWindowViewModel.cs; IMystTiqApiClient.cs; LocalManagementApiHost.cs"
"187","Button","","⌕  INSPECT","Click","InspectSelectedSave_Click","Mapped","Historical intent is represented by an Avalonia command/binding or an adapted local-only UI action over the current headless API.","MainWindow.axaml; MainWindowViewModel.cs; IMystTiqApiClient.cs; LocalManagementApiHost.cs"
"188","Button","","♟  OPEN PLAYERS MANAGER","Click","OpenPlayersManager_Click","Mapped","Historical intent is represented by an Avalonia command/binding or an adapted local-only UI action over the current headless API.","MainWindow.axaml; MainWindowViewModel.cs; IMystTiqApiClient.cs; LocalManagementApiHost.cs"
"189","Button","","♜  OPEN GUILDS MANAGER","Click","OpenGuildsManager_Click","Mapped","Historical intent is represented by an Avalonia command/binding or an adapted local-only UI action over the current headless API.","MainWindow.axaml; MainWindowViewModel.cs; IMystTiqApiClient.cs; LocalManagementApiHost.cs"
"190","Button","","⌂  OPEN BASE MANAGER","Click","OpenBasesManager_Click","Mapped","Historical intent is represented by an Avalonia command/binding or an adapted local-only UI action over the current headless API.","MainWindow.axaml; MainWindowViewModel.cs; IMystTiqApiClient.cs; LocalManagementApiHost.cs"
"191","TextBox","SaveInspectorFileSearchBox","","TextChanged","SaveInspectorFileSearch_TextChanged","Intentionally obsolete","WPF presentation event replaced by Avalonia binding, commands, layout, or the single aggregate refresh timer.","MainWindow.axaml; MainWindowViewModel.cs"
"192","ComboBox","SaveInspectorCategoryFilter","","SelectionChanged","SaveInspectorCategoryFilter_SelectionChanged","Intentionally obsolete","WPF presentation event replaced by Avalonia binding, commands, layout, or the single aggregate refresh timer.","MainWindow.axaml; MainWindowViewModel.cs"
"193","DataGrid","SaveInspectorFilesGrid","","SelectionChanged","SaveInspectorFilesGrid_SelectionChanged","Intentionally obsolete","WPF presentation event replaced by Avalonia binding, commands, layout, or the single aggregate refresh timer.","MainWindow.axaml; MainWindowViewModel.cs"
"194","Button","","↻  VALIDATE ACTIVE WORLD","Click","WorldValidatorRefresh_Click","Mapped","Historical intent is represented by an Avalonia command/binding or an adapted local-only UI action over the current headless API.","MainWindow.axaml; MainWindowViewModel.cs; IMystTiqApiClient.cs; LocalManagementApiHost.cs"
"195","Button","","📂  OPEN REPAIRS","Click","WorldValidatorOpenRepair_Click","Mapped","Historical intent is represented by an Avalonia command/binding or an adapted local-only UI action over the current headless API.","MainWindow.axaml; MainWindowViewModel.cs; IMystTiqApiClient.cs; LocalManagementApiHost.cs"
"196","Button","","⇧  EXPORT REPORT","Click","WorldValidatorExport_Click","Mapped","Historical intent is represented by an Avalonia command/binding or an adapted local-only UI action over the current headless API.","MainWindow.axaml; MainWindowViewModel.cs; IMystTiqApiClient.cs; LocalManagementApiHost.cs"
"197","DataGrid","WorldValidatorFindingsGrid","","SelectionChanged","WorldValidatorSelection_Changed","Mapped","Historical intent is represented by an Avalonia command/binding or an adapted local-only UI action over the current headless API.","MainWindow.axaml; MainWindowViewModel.cs; IMystTiqApiClient.cs; LocalManagementApiHost.cs"
"198","Button","","📦  SELECT ARCHIVE","Click","WorldImportSelectArchive_Click","Mapped","Historical intent is represented by an Avalonia command/binding or an adapted local-only UI action over the current headless API.","MainWindow.axaml; MainWindowViewModel.cs; IMystTiqApiClient.cs; LocalManagementApiHost.cs"
"199","Button","","⌕  ANALYZE","Click","WorldImportAnalyze_Click","Mapped","Historical intent is represented by an Avalonia command/binding or an adapted local-only UI action over the current headless API.","MainWindow.axaml; MainWindowViewModel.cs; IMystTiqApiClient.cs; LocalManagementApiHost.cs"
"200","Button","","✓  ACCEPT OPTIONS","Click","WorldImportAcceptOptions_Click","Mapped","Historical intent is represented by an Avalonia command/binding or an adapted local-only UI action over the current headless API.","MainWindow.axaml; MainWindowViewModel.cs; IMystTiqApiClient.cs; LocalManagementApiHost.cs"
"201","Button","","👁  REVIEW PLAN","Click","WorldImportReviewPlan_Click","Mapped","Historical intent is represented by an Avalonia command/binding or an adapted local-only UI action over the current headless API.","MainWindow.axaml; MainWindowViewModel.cs; IMystTiqApiClient.cs; LocalManagementApiHost.cs"
"202","Button","","✓  VALIDATE","Click","WorldImportValidate_Click","Mapped","Historical intent is represented by an Avalonia command/binding or an adapted local-only UI action over the current headless API.","MainWindow.axaml; MainWindowViewModel.cs; IMystTiqApiClient.cs; LocalManagementApiHost.cs"
"203","Button","","⚠  IMPORT & ACTIVATE","Click","WorldImportApply_Click","Mapped","Historical intent is represented by an Avalonia command/binding or an adapted local-only UI action over the current headless API.","MainWindow.axaml; MainWindowViewModel.cs; IMystTiqApiClient.cs; LocalManagementApiHost.cs"
"204","Button","","📂  OPEN IMPORTED WORLD","Click","WorldImportOpenResult_Click","Mapped","Historical intent is represented by an Avalonia command/binding or an adapted local-only UI action over the current headless API.","MainWindow.axaml; MainWindowViewModel.cs; IMystTiqApiClient.cs; LocalManagementApiHost.cs"
"205","Button","","↻  SCAN WORLD","Click","RepairCenterScan_Click","Mapped","Historical intent is represented by an Avalonia command/binding or an adapted local-only UI action over the current headless API.","MainWindow.axaml; MainWindowViewModel.cs; IMystTiqApiClient.cs; LocalManagementApiHost.cs"
"206","DataGrid","SaveInspectorRepairGrid","","SelectionChanged","RepairCenterSelectionChanged","Intentionally obsolete","WPF presentation event replaced by Avalonia binding, commands, layout, or the single aggregate refresh timer.","MainWindow.axaml; MainWindowViewModel.cs"
"207","Button","","👁  PREVIEW SELECTED","Click","PreviewSelectedRepairs_Click","Mapped","Historical intent is represented by an Avalonia command/binding or an adapted local-only UI action over the current headless API.","MainWindow.axaml; MainWindowViewModel.cs; IMystTiqApiClient.cs; LocalManagementApiHost.cs"
"208","Button","","☐  CLEAR SELECTION","Click","RepairCenterClearSelection_Click","Mapped","Historical intent is represented by an Avalonia command/binding or an adapted local-only UI action over the current headless API.","MainWindow.axaml; MainWindowViewModel.cs; IMystTiqApiClient.cs; LocalManagementApiHost.cs"
"209","Button","","↻  REFRESH","Click","RefreshTransactionHistory_Click","Mapped","Historical intent is represented by an Avalonia command/binding or an adapted local-only UI action over the current headless API.","MainWindow.axaml; MainWindowViewModel.cs; IMystTiqApiClient.cs; LocalManagementApiHost.cs"
"210","Button","","📂  OPEN JOURNALS","Click","OpenTransactionFolder_Click","Mapped","Historical intent is represented by an Avalonia command/binding or an adapted local-only UI action over the current headless API.","MainWindow.axaml; MainWindowViewModel.cs; IMystTiqApiClient.cs; LocalManagementApiHost.cs"
"211","TextBox","TransactionSearchBox","","TextChanged","TransactionFilter_Changed","Mapped","Historical intent is represented by an Avalonia command/binding or an adapted local-only UI action over the current headless API.","MainWindow.axaml; MainWindowViewModel.cs; IMystTiqApiClient.cs; LocalManagementApiHost.cs"
"212","ComboBox","TransactionStateFilter","","SelectionChanged","TransactionFilter_Changed","Mapped","Historical intent is represented by an Avalonia command/binding or an adapted local-only UI action over the current headless API.","MainWindow.axaml; MainWindowViewModel.cs; IMystTiqApiClient.cs; LocalManagementApiHost.cs"
"213","ComboBox","TransactionOperationFilter","","SelectionChanged","TransactionFilter_Changed","Mapped","Historical intent is represented by an Avalonia command/binding or an adapted local-only UI action over the current headless API.","MainWindow.axaml; MainWindowViewModel.cs; IMystTiqApiClient.cs; LocalManagementApiHost.cs"
"214","DataGrid","TransactionHistoryGrid","","SelectionChanged","TransactionHistoryGrid_SelectionChanged","Intentionally obsolete","WPF presentation event replaced by Avalonia binding, commands, layout, or the single aggregate refresh timer.","MainWindow.axaml; MainWindowViewModel.cs"
"215","Button","OpenTransactionBackupButton","📦  OPEN BACKUP","Click","OpenTransactionBackup_Click","Mapped","Historical intent is represented by an Avalonia command/binding or an adapted local-only UI action over the current headless API.","MainWindow.axaml; MainWindowViewModel.cs; IMystTiqApiClient.cs; LocalManagementApiHost.cs"
"216","Button","OpenTransactionReportButton","📄  OPEN REPORT","Click","OpenTransactionReport_Click","Mapped","Historical intent is represented by an Avalonia command/binding or an adapted local-only UI action over the current headless API.","MainWindow.axaml; MainWindowViewModel.cs; IMystTiqApiClient.cs; LocalManagementApiHost.cs"
"217","Button","","↻  SCAN ACTIVE WORLD","Click","PlayerRecoveryRefresh_Click","Mapped","Historical intent is represented by an Avalonia command/binding or an adapted local-only UI action over the current headless API.","MainWindow.axaml; MainWindowViewModel.cs; IMystTiqApiClient.cs; LocalManagementApiHost.cs"
"218","Button","","📂  OPEN WORLD","Click","PlayerRecoveryOpenFolder_Click","Mapped","Historical intent is represented by an Avalonia command/binding or an adapted local-only UI action over the current headless API.","MainWindow.axaml; MainWindowViewModel.cs; IMystTiqApiClient.cs; LocalManagementApiHost.cs"
"219","DataGrid","PlayerRecoveryGrid","","SelectionChanged","PlayerRecoverySelection_Changed","Mapped","Historical intent is represented by an Avalonia command/binding or an adapted local-only UI action over the current headless API.","MainWindow.axaml; MainWindowViewModel.cs; IMystTiqApiClient.cs; LocalManagementApiHost.cs"
"220","Button","","👁  PREVIEW MAPPING","Click","PlayerRecoveryPreview_Click","Mapped","Historical intent is represented by an Avalonia command/binding or an adapted local-only UI action over the current headless API.","MainWindow.axaml; MainWindowViewModel.cs; IMystTiqApiClient.cs; LocalManagementApiHost.cs"
"221","Button","","▣  SAFETY BACKUP","Click","PlayerRecoveryBackup_Click","Mapped","Historical intent is represented by an Avalonia command/binding or an adapted local-only UI action over the current headless API.","MainWindow.axaml; MainWindowViewModel.cs; IMystTiqApiClient.cs; LocalManagementApiHost.cs"
"222","Button","","⇧  EXPORT PLAYER","Click","PlayerRecoveryExport_Click","Mapped","Historical intent is represented by an Avalonia command/binding or an adapted local-only UI action over the current headless API.","MainWindow.axaml; MainWindowViewModel.cs; IMystTiqApiClient.cs; LocalManagementApiHost.cs"
"223","Button","","✓  SAVE PLAN","Click","PlayerRecoverySavePlan_Click","Mapped","Historical intent is represented by an Avalonia command/binding or an adapted local-only UI action over the current headless API.","MainWindow.axaml; MainWindowViewModel.cs; IMystTiqApiClient.cs; LocalManagementApiHost.cs"
"224","Button","","↻  SCAN ACTIVE WORLD","Click","GuildBaseRecoveryRefresh_Click","BACKEND REQUIRED","Unsafe or codec-dependent mutation remains a visible disabled BACKEND REQUIRED capability.","MainWindow.axaml capability-truth controls; GUI restoration roadmap"
"225","Button","","📂  OPEN GUILD MANAGER","Click","GuildBaseRecoveryOpenGuilds_Click","BACKEND REQUIRED","Unsafe or codec-dependent mutation remains a visible disabled BACKEND REQUIRED capability.","MainWindow.axaml capability-truth controls; GUI restoration roadmap"
"226","Button","","ℹ  SELECT RECOMMENDED","Click","GuildBaseRecoverySelectRecommended_Click","BACKEND REQUIRED","Unsafe or codec-dependent mutation remains a visible disabled BACKEND REQUIRED capability.","MainWindow.axaml capability-truth controls; GUI restoration roadmap"
"227","Button","","👁  PREPARE PREVIEW","Click","GuildBaseRecoveryPrepare_Click","BACKEND REQUIRED","Unsafe or codec-dependent mutation remains a visible disabled BACKEND REQUIRED capability.","MainWindow.axaml capability-truth controls; GUI restoration roadmap"
"228","Button","","▣  SAFETY BACKUP","Click","GuildBaseRecoveryBackup_Click","BACKEND REQUIRED","Unsafe or codec-dependent mutation remains a visible disabled BACKEND REQUIRED capability.","MainWindow.axaml capability-truth controls; GUI restoration roadmap"
"229","Button","","✓  SAVE PLAN","Click","GuildBaseRecoverySavePlan_Click","BACKEND REQUIRED","Unsafe or codec-dependent mutation remains a visible disabled BACKEND REQUIRED capability.","MainWindow.axaml capability-truth controls; GUI restoration roadmap"
"230","Button","","⇧  EXPORT REPORT","Click","GuildBaseRecoveryExport_Click","BACKEND REQUIRED","Unsafe or codec-dependent mutation remains a visible disabled BACKEND REQUIRED capability.","MainWindow.axaml capability-truth controls; GUI restoration roadmap"
"231","Button","","↻  SCAN ACTIVE WORLD","Click","BaseManagerRefresh_Click","Mapped","Historical intent is represented by an Avalonia command/binding or an adapted local-only UI action over the current headless API.","MainWindow.axaml; MainWindowViewModel.cs; IMystTiqApiClient.cs; LocalManagementApiHost.cs"
"232","Button","","📂  OPEN RECOVERY","Click","BaseManagerOpenRecovery_Click","BACKEND REQUIRED","Unsafe or codec-dependent mutation remains a visible disabled BACKEND REQUIRED capability.","MainWindow.axaml capability-truth controls; GUI restoration roadmap"
"233","TextBox","BaseManagerSearchBox","","TextChanged","BaseManagerSearch_TextChanged","Intentionally obsolete","WPF presentation event replaced by Avalonia binding, commands, layout, or the single aggregate refresh timer.","MainWindow.axaml; MainWindowViewModel.cs"
"234","ComboBox","BaseManagerStatusFilter","","SelectionChanged","BaseManagerFilter_Changed","Mapped","Historical intent is represented by an Avalonia command/binding or an adapted local-only UI action over the current headless API.","MainWindow.axaml; MainWindowViewModel.cs; IMystTiqApiClient.cs; LocalManagementApiHost.cs"
"235","DataGrid","BaseManagerGrid","","SelectionChanged","BaseManagerSelection_Changed","Mapped","Historical intent is represented by an Avalonia command/binding or an adapted local-only UI action over the current headless API.","MainWindow.axaml; MainWindowViewModel.cs; IMystTiqApiClient.cs; LocalManagementApiHost.cs"
"236","Button","","⇧  EXPORT CSV","Click","BaseManagerExport_Click","Mapped","Historical intent is represented by an Avalonia command/binding or an adapted local-only UI action over the current headless API.","MainWindow.axaml; MainWindowViewModel.cs; IMystTiqApiClient.cs; LocalManagementApiHost.cs"
"237","Button","","▣  SAFETY BACKUP","Click","BaseManagerBackup_Click","Mapped","Historical intent is represented by an Avalonia command/binding or an adapted local-only UI action over the current headless API.","MainWindow.axaml; MainWindowViewModel.cs; IMystTiqApiClient.cs; LocalManagementApiHost.cs"
"238","Button","","👁  PREVIEW","Click","BaseManagerOwnershipPreview_Click","Mapped","Historical intent is represented by an Avalonia command/binding or an adapted local-only UI action over the current headless API.","MainWindow.axaml; MainWindowViewModel.cs; IMystTiqApiClient.cs; LocalManagementApiHost.cs"
"239","Button","BaseManagerApplyOwnershipButton","✓  APPLY","Click","BaseManagerOwnershipApply_Click","Mapped","Historical intent is represented by an Avalonia command/binding or an adapted local-only UI action over the current headless API.","MainWindow.axaml; MainWindowViewModel.cs; IMystTiqApiClient.cs; LocalManagementApiHost.cs"
"240","Button","","✓  SAVE OWNERSHIP PLAN","Click","BaseManagerPlan_Click","Mapped","Historical intent is represented by an Avalonia command/binding or an adapted local-only UI action over the current headless API.","MainWindow.axaml; MainWindowViewModel.cs; IMystTiqApiClient.cs; LocalManagementApiHost.cs"
"241","Button","","↻  REFRESH","Click","AuditRefresh_Click","Mapped","Historical intent is represented by an Avalonia command/binding or an adapted local-only UI action over the current headless API.","MainWindow.axaml; MainWindowViewModel.cs; IMystTiqApiClient.cs; LocalManagementApiHost.cs"
"242","Button","","⇧  EXPORT","Click","AuditExport_Click","Mapped","Historical intent is represented by an Avalonia command/binding or an adapted local-only UI action over the current headless API.","MainWindow.axaml; MainWindowViewModel.cs; IMystTiqApiClient.cs; LocalManagementApiHost.cs"
"243","Button","","✖  CLEAR","Click","AuditClear_Click","Mapped","Historical intent is represented by an Avalonia command/binding or an adapted local-only UI action over the current headless API.","MainWindow.axaml; MainWindowViewModel.cs; IMystTiqApiClient.cs; LocalManagementApiHost.cs"
"244","TextBox","AuditSearchBox","","TextChanged","AuditFilter_Changed","Mapped","Historical intent is represented by an Avalonia command/binding or an adapted local-only UI action over the current headless API.","MainWindow.axaml; MainWindowViewModel.cs; IMystTiqApiClient.cs; LocalManagementApiHost.cs"
"245","ComboBox","AuditSeverityFilter","","SelectionChanged","AuditFilter_Changed","Mapped","Historical intent is represented by an Avalonia command/binding or an adapted local-only UI action over the current headless API.","MainWindow.axaml; MainWindowViewModel.cs; IMystTiqApiClient.cs; LocalManagementApiHost.cs"
"246","ComboBox","AuditCategoryFilter","","SelectionChanged","AuditFilter_Changed","Mapped","Historical intent is represented by an Avalonia command/binding or an adapted local-only UI action over the current headless API.","MainWindow.axaml; MainWindowViewModel.cs; IMystTiqApiClient.cs; LocalManagementApiHost.cs"
"247","Button","","↻  REFRESH","Click","NotificationRefresh_Click","Mapped","Historical intent is represented by an Avalonia command/binding or an adapted local-only UI action over the current headless API.","MainWindow.axaml; MainWindowViewModel.cs; IMystTiqApiClient.cs; LocalManagementApiHost.cs"
"248","Button","","ℹ  MARK ALL READ","Click","NotificationMarkAllRead_Click","Mapped","Historical intent is represented by an Avalonia command/binding or an adapted local-only UI action over the current headless API.","MainWindow.axaml; MainWindowViewModel.cs; IMystTiqApiClient.cs; LocalManagementApiHost.cs"
"249","Button","","ℹ  DISMISS READ","Click","NotificationDismissRead_Click","Mapped","Historical intent is represented by an Avalonia command/binding or an adapted local-only UI action over the current headless API.","MainWindow.axaml; MainWindowViewModel.cs; IMystTiqApiClient.cs; LocalManagementApiHost.cs"
"250","Button","","⇧  EXPORT","Click","NotificationExport_Click","Mapped","Historical intent is represented by an Avalonia command/binding or an adapted local-only UI action over the current headless API.","MainWindow.axaml; MainWindowViewModel.cs; IMystTiqApiClient.cs; LocalManagementApiHost.cs"
"251","Button","","✓  RUN SELF-TEST","Click","NotificationRunSelfTest_Click","Mapped","Historical intent is represented by an Avalonia command/binding or an adapted local-only UI action over the current headless API.","MainWindow.axaml; MainWindowViewModel.cs; IMystTiqApiClient.cs; LocalManagementApiHost.cs"
"252","Button","","✖  CLEAR TESTS","Click","NotificationClearTests_Click","Mapped","Historical intent is represented by an Avalonia command/binding or an adapted local-only UI action over the current headless API.","MainWindow.axaml; MainWindowViewModel.cs; IMystTiqApiClient.cs; LocalManagementApiHost.cs"
"253","TextBox","NotificationSearchBox","","TextChanged","NotificationFilter_Changed","Mapped","Historical intent is represented by an Avalonia command/binding or an adapted local-only UI action over the current headless API.","MainWindow.axaml; MainWindowViewModel.cs; IMystTiqApiClient.cs; LocalManagementApiHost.cs"
"254","ComboBox","NotificationSeverityFilter","","SelectionChanged","NotificationFilter_Changed","Mapped","Historical intent is represented by an Avalonia command/binding or an adapted local-only UI action over the current headless API.","MainWindow.axaml; MainWindowViewModel.cs; IMystTiqApiClient.cs; LocalManagementApiHost.cs"
"255","ComboBox","NotificationStateFilter","","SelectionChanged","NotificationFilter_Changed","Mapped","Historical intent is represented by an Avalonia command/binding or an adapted local-only UI action over the current headless API.","MainWindow.axaml; MainWindowViewModel.cs; IMystTiqApiClient.cs; LocalManagementApiHost.cs"
"256","DataGrid","NotificationGrid","","SelectionChanged","NotificationSelection_Changed","Mapped","Historical intent is represented by an Avalonia command/binding or an adapted local-only UI action over the current headless API.","MainWindow.axaml; MainWindowViewModel.cs; IMystTiqApiClient.cs; LocalManagementApiHost.cs"
"257","Button","","ℹ  MARK READ","Click","NotificationMarkRead_Click","Mapped","Historical intent is represented by an Avalonia command/binding or an adapted local-only UI action over the current headless API.","MainWindow.axaml; MainWindowViewModel.cs; IMystTiqApiClient.cs; LocalManagementApiHost.cs"
"258","Button","","ℹ  PIN / UNPIN","Click","NotificationPin_Click","Mapped","Historical intent is represented by an Avalonia command/binding or an adapted local-only UI action over the current headless API.","MainWindow.axaml; MainWindowViewModel.cs; IMystTiqApiClient.cs; LocalManagementApiHost.cs"
"259","Button","","📂  OPEN RELATED","Click","NotificationOpenRelated_Click","Mapped","Historical intent is represented by an Avalonia command/binding or an adapted local-only UI action over the current headless API.","MainWindow.axaml; MainWindowViewModel.cs; IMystTiqApiClient.cs; LocalManagementApiHost.cs"
"260","Button","","ℹ  DISMISS","Click","NotificationDismiss_Click","Mapped","Historical intent is represented by an Avalonia command/binding or an adapted local-only UI action over the current headless API.","MainWindow.axaml; MainWindowViewModel.cs; IMystTiqApiClient.cs; LocalManagementApiHost.cs"
"261","Button","","✓  RUN ALL TESTS","Click","SaveToolsRunAll_Click","Mapped","Historical intent is represented by an Avalonia command/binding or an adapted local-only UI action over the current headless API.","MainWindow.axaml; MainWindowViewModel.cs; IMystTiqApiClient.cs; LocalManagementApiHost.cs"
"262","Button","","ℹ  COPY DIAGNOSTICS","Click","SaveToolsCopyDiagnostics_Click","Mapped","Historical intent is represented by an Avalonia command/binding or an adapted local-only UI action over the current headless API.","MainWindow.axaml; MainWindowViewModel.cs; IMystTiqApiClient.cs; LocalManagementApiHost.cs"
"263","Button","","🐍  TEST PYTHON","Click","SaveToolsTestPython_Click","Mapped","Historical intent is represented by an Avalonia command/binding or an adapted local-only UI action over the current headless API.","MainWindow.axaml; MainWindowViewModel.cs; IMystTiqApiClient.cs; LocalManagementApiHost.cs"
"264","Button","","⚙  TEST CONVERTER","Click","SaveToolsTestConverter_Click","Mapped","Historical intent is represented by an Avalonia command/binding or an adapted local-only UI action over the current headless API.","MainWindow.axaml; MainWindowViewModel.cs; IMystTiqApiClient.cs; LocalManagementApiHost.cs"
"265","Button","","◎  TEST ACTIVE WORLD","Click","SaveToolsTestWorld_Click","Mapped","Historical intent is represented by an Avalonia command/binding or an adapted local-only UI action over the current headless API.","MainWindow.axaml; MainWindowViewModel.cs; IMystTiqApiClient.cs; LocalManagementApiHost.cs"
"266","Button","","📂  OPEN TOOLS FOLDER","Click","SaveToolsOpenFolder_Click","Mapped","Historical intent is represented by an Avalonia command/binding or an adapted local-only UI action over the current headless API.","MainWindow.axaml; MainWindowViewModel.cs; IMystTiqApiClient.cs; LocalManagementApiHost.cs"
"267","Button","","🛠  INSTALL / REPAIR","Click","SaveToolsRepair_Click","Mapped","Historical intent is represented by an Avalonia command/binding or an adapted local-only UI action over the current headless API.","MainWindow.axaml; MainWindowViewModel.cs; IMystTiqApiClient.cs; LocalManagementApiHost.cs"
"268","Button","","↻  REFRESH","Click","WorkspaceRefresh_Click","Mapped","Historical intent is represented by an Avalonia command/binding or an adapted local-only UI action over the current headless API.","MainWindow.axaml; MainWindowViewModel.cs; IMystTiqApiClient.cs; LocalManagementApiHost.cs"
"269","Button","","✓  VALIDATE ALL","Click","WorkspaceValidate_Click","Mapped","Historical intent is represented by an Avalonia command/binding or an adapted local-only UI action over the current headless API.","MainWindow.axaml; MainWindowViewModel.cs; IMystTiqApiClient.cs; LocalManagementApiHost.cs"
"270","Button","","📂  OPEN","Click","WorkspaceOpenExecutable_Click","Mapped","Historical intent is represented by an Avalonia command/binding or an adapted local-only UI action over the current headless API.","MainWindow.axaml; MainWindowViewModel.cs; IMystTiqApiClient.cs; LocalManagementApiHost.cs"
"271","Button","","📂  OPEN","Click","WorkspaceOpenRoot_Click","Mapped","Historical intent is represented by an Avalonia command/binding or an adapted local-only UI action over the current headless API.","MainWindow.axaml; MainWindowViewModel.cs; IMystTiqApiClient.cs; LocalManagementApiHost.cs"
"272","Button","","📂  OPEN","Click","WorkspaceOpenData_Click","Mapped","Historical intent is represented by an Avalonia command/binding or an adapted local-only UI action over the current headless API.","MainWindow.axaml; MainWindowViewModel.cs; IMystTiqApiClient.cs; LocalManagementApiHost.cs"
"273","Button","","…  BROWSE","Click","WorkspaceBrowseServer_Click","Mapped","Historical intent is represented by an Avalonia command/binding or an adapted local-only UI action over the current headless API.","MainWindow.axaml; MainWindowViewModel.cs; IMystTiqApiClient.cs; LocalManagementApiHost.cs"
"274","Button","","📂  OPEN","Click","WorkspaceOpenServer_Click","Mapped","Historical intent is represented by an Avalonia command/binding or an adapted local-only UI action over the current headless API.","MainWindow.axaml; MainWindowViewModel.cs; IMystTiqApiClient.cs; LocalManagementApiHost.cs"
"275","Button","","…  BROWSE","Click","WorkspaceBrowseSteamCmd_Click","Mapped","Historical intent is represented by an Avalonia command/binding or an adapted local-only UI action over the current headless API.","MainWindow.axaml; MainWindowViewModel.cs; IMystTiqApiClient.cs; LocalManagementApiHost.cs"
"276","Button","","📂  OPEN","Click","WorkspaceOpenSteamCmd_Click","Mapped","Historical intent is represented by an Avalonia command/binding or an adapted local-only UI action over the current headless API.","MainWindow.axaml; MainWindowViewModel.cs; IMystTiqApiClient.cs; LocalManagementApiHost.cs"
"277","Button","","…  BROWSE","Click","WorkspaceBrowseBackups_Click","Mapped","Historical intent is represented by an Avalonia command/binding or an adapted local-only UI action over the current headless API.","MainWindow.axaml; MainWindowViewModel.cs; IMystTiqApiClient.cs; LocalManagementApiHost.cs"
"278","Button","","📂  OPEN","Click","WorkspaceOpenBackups_Click","Mapped","Historical intent is represented by an Avalonia command/binding or an adapted local-only UI action over the current headless API.","MainWindow.axaml; MainWindowViewModel.cs; IMystTiqApiClient.cs; LocalManagementApiHost.cs"
"279","Button","","📂  OPEN","Click","WorkspaceOpenDownloads_Click","Mapped","Historical intent is represented by an Avalonia command/binding or an adapted local-only UI action over the current headless API.","MainWindow.axaml; MainWindowViewModel.cs; IMystTiqApiClient.cs; LocalManagementApiHost.cs"
"280","Button","","📂  OPEN","Click","WorkspaceOpenExports_Click","Mapped","Historical intent is represented by an Avalonia command/binding or an adapted local-only UI action over the current headless API.","MainWindow.axaml; MainWindowViewModel.cs; IMystTiqApiClient.cs; LocalManagementApiHost.cs"
"281","Button","","📂  OPEN","Click","WorkspaceOpenLogs_Click","Mapped","Historical intent is represented by an Avalonia command/binding or an adapted local-only UI action over the current headless API.","MainWindow.axaml; MainWindowViewModel.cs; IMystTiqApiClient.cs; LocalManagementApiHost.cs"
"282","Button","","✓  SAVE PATHS","Click","WorkspaceSave_Click","Mapped","Historical intent is represented by an Avalonia command/binding or an adapted local-only UI action over the current headless API.","MainWindow.axaml; MainWindowViewModel.cs; IMystTiqApiClient.cs; LocalManagementApiHost.cs"
"283","Button","DiagnosticsRunButton","✓  RUN FULL DIAGNOSTICS","Click","RunFullDiagnostics_Click","Mapped","Historical intent is represented by an Avalonia command/binding or an adapted local-only UI action over the current headless API.","MainWindow.axaml; MainWindowViewModel.cs; IMystTiqApiClient.cs; LocalManagementApiHost.cs"
"284","Button","DiagnosticsExportButton","⇧  EXPORT REPORT","Click","ExportDiagnostics_Click","Mapped","Historical intent is represented by an Avalonia command/binding or an adapted local-only UI action over the current headless API.","MainWindow.axaml; MainWindowViewModel.cs; IMystTiqApiClient.cs; LocalManagementApiHost.cs"
"285","Button","DiagnosticsSupportButton","▣  SUPPORT PACKAGE","Click","CreateSupportPackage_Click","Mapped","Historical intent is represented by an Avalonia command/binding or an adapted local-only UI action over the current headless API.","MainWindow.axaml; MainWindowViewModel.cs; IMystTiqApiClient.cs; LocalManagementApiHost.cs"
"286","Button","","ℹ  COPY SUMMARY","Click","CopyDiagnosticsSummary_Click","Mapped","Historical intent is represented by an Avalonia command/binding or an adapted local-only UI action over the current headless API.","MainWindow.axaml; MainWindowViewModel.cs; IMystTiqApiClient.cs; LocalManagementApiHost.cs"
"287","Button","","📂  OPEN DIAGNOSTICS","Click","OpenDiagnosticsCenterFolder_Click","Mapped","Historical intent is represented by an Avalonia command/binding or an adapted local-only UI action over the current headless API.","MainWindow.axaml; MainWindowViewModel.cs; IMystTiqApiClient.cs; LocalManagementApiHost.cs"
